index,mid,display_name
0,/m/09x0r,"Speech"
14,/m/07pjwq1,"Shout"
15,/m/07q6cd,"Screaming"
20,/m/07qz6j3,"Baby cry, infant cry"
21,/m/07rc8d,"Crying, sobbing"
22,/m/07rnkh4,"Whimper"
65,/m/0bt9lr,"Dog"
66,/m/05t393,"Bark"
67,/m/07r_k2n,"Yip"
68,/m/07qf0yt,"Howl"
69,/m/07szdbh,"Bow-wow"
70,/m/07s0dtb,"Growling"
369,/m/04229,"Vehicle horn, car horn, honking"
370,/m/07r1044,"Toot"
371,/m/07r_0_z,"Car alarm"
389,/m/0284vy3,"Doorbell"
390,/m/07r04zs,"Ding-dong"
391,/m/03m5k,"Chime"
396,/m/03kmc9,"Siren"
397,/m/02x88sg,"Civil defense siren"
398,/m/012n7d,"Ambulance (siren)"
399,/m/012ndj,"Fire engine, fire truck (siren)"
400,/m/046dlr,"Alarm"
401,/m/03q5_w,"Telephone"
402,/m/025_jnm,"Fire alarm"
436,/m/07plz5l,"Knock"
437,/m/07q785z,"Tap"
438,/m/07qjznl,"Bang"
441,/m/07rjzdl,"Shatter"
442,/m/07r_80w,"Glass"
443,/m/07sq110,"Breaking"
494,/m/01b_21,"Smoke detector, smoke alarm"
495,/m/0c312,"Buzzer"
